{
    "providers": {
        "32bit": [            
            { "name": "Halcom 32", "dll": "/halcom/win32/personal.dll", "config": "", "enabled": false, "default": false, "slot": 0 },   
            { "name": "Posta 32", "dll": "/posta/win32/aetpkss1.dll", "config": "", "enabled": true, "default": true, "slot": 0  },
            { "name": "MUP 32", "dll": "/win32/aetpkss1.dll", "config": "/win32/NewCard.cfg", "enabled": false, "default": true, "slot": 0  }
        ],
        "64bit": [
            { "name": "Halcom 64", "dll": "/halcom/win64/personal64.dll", "config": "", "enabled": false, "default": false, "slot": 0  },
            { "name": "Posta 64", "dll": "/posta/win64/aetpkss1.dll", "config": "", "enabled": true, "default": true, "slot": 0  },
            { "name": "MUP 64", "dll": "/win64/aetpkss1.dll", "config": "/win64/NewCard.cfg", "enabled": false, "default": true, "slot": 0  }
        ]
    },
    "use_windows_keystore_as_fallback": true
}